timestamp,moisture,temperature,heat_detected
2026-05-17 15:47:14,16.33,35.18,False
2026-05-17 16:32:14,13.61,38.38,False
2026-05-17 17:17:14,20.7,35.97,False
2026-05-17 18:02:14,18.31,38.99,False
2026-05-17 18:47:14,20.0,32.86,False
2026-05-17 19:32:14,15.15,34.54,False
2026-05-17 20:17:14,11.33,33.45,False
2026-05-17 21:02:14,21.87,32.3,False
2026-05-17 21:47:14,19.43,32.03,False
2026-05-17 22:32:14,20.19,34.77,False
2026-05-17 23:17:14,16.44,39.21,False
2026-05-18 00:02:14,14.32,32.35,False
2026-05-18 00:47:14,14.31,40.93,True
2026-05-18 01:32:14,16.09,33.28,False
2026-05-18 02:17:14,18.59,32.19,False
2026-05-18 03:02:14,49.29,21.37,False
2026-05-18 03:47:14,72.25,26.45,False
2026-05-18 04:32:14,70.62,21.01,False
2026-05-18 05:17:14,69.51,24.17,False
2026-05-18 06:02:14,74.2,22.79,False
2026-05-18 06:47:14,51.35,21.88,False
2026-05-18 07:32:14,63.47,24.75,False
2026-05-18 08:17:14,60.56,26.13,False
2026-05-18 09:02:14,60.47,26.19,False
2026-05-18 09:47:14,74.0,24.41,False
2026-05-18 10:32:14,64.49,20.28,False
2026-05-18 11:17:14,59.06,24.27,False
2026-05-18 12:02:14,63.55,23.26,False
2026-05-18 12:47:14,55.12,23.75,False
2026-05-18 13:32:14,67.8,27.67,False
2026-05-18 14:17:14,46.62,24.96,False
2026-05-18 15:02:14,66.27,27.43,False
2026-05-18 15:47:14,59.94,26.22,False
2026-05-18 16:32:14,57.13,25.57,False
2026-05-18 17:17:14,63.35,27.29,False
2026-05-18 18:02:14,37.84,33.09,False
2026-05-18 18:47:14,35.94,27.04,False
2026-05-18 19:32:14,33.41,32.27,False
2026-05-18 20:17:14,26.12,31.42,False
2026-05-18 21:02:14,36.27,27.7,False
2026-05-18 21:47:14,38.03,27.33,False
2026-05-18 22:32:14,31.94,28.82,False
2026-05-18 23:17:14,38.7,32.56,False
2026-05-19 00:02:14,36.53,33.16,False
2026-05-19 00:47:14,27.49,28.68,False
2026-05-19 01:32:14,26.29,30.42,False
2026-05-19 02:17:14,39.69,29.65,False
2026-05-19 03:02:14,34.07,29.59,False
2026-05-19 03:47:14,26.55,28.24,False
2026-05-19 04:32:14,39.28,30.26,False
2026-05-19 05:17:14,17.71,41.53,True
2026-05-19 06:02:14,13.88,39.97,False
2026-05-19 06:47:14,14.98,34.38,False
2026-05-19 07:32:14,22.57,32.43,False
2026-05-19 08:17:14,18.11,41.6,True
2026-05-19 09:02:14,11.92,33.38,False
2026-05-19 09:47:14,19.05,33.59,False
2026-05-19 10:32:14,21.89,37.19,False
2026-05-19 11:17:14,19.25,34.09,False
2026-05-19 12:02:14,11.73,39.46,False
2026-05-19 12:47:14,13.86,33.45,False
2026-05-19 13:32:14,10.94,32.48,False
2026-05-19 14:17:14,13.01,37.9,False
2026-05-19 15:02:14,22.44,40.34,True
2026-05-19 15:47:14,20.01,34.0,False
2026-05-19 16:32:14,47.57,24.82,False
2026-05-19 17:17:14,58.08,27.43,False
2026-05-19 18:02:14,47.97,25.54,False
2026-05-19 18:47:14,64.74,20.22,False
2026-05-19 19:32:14,46.99,27.52,False
2026-05-19 20:17:14,67.28,20.42,False
2026-05-19 21:02:14,50.32,27.21,False
2026-05-19 21:47:14,62.74,23.16,False
2026-05-19 22:32:14,72.05,20.04,False
2026-05-19 23:17:14,61.29,26.67,False
2026-05-20 00:02:14,62.87,23.64,False
2026-05-20 00:47:14,70.52,22.9,False
2026-05-20 01:32:14,47.63,22.87,False
2026-05-20 02:17:14,47.08,27.66,False
2026-05-20 03:02:14,53.69,21.06,False
2026-05-20 03:47:14,74.98,26.27,False
2026-05-20 04:32:14,73.82,21.15,False
2026-05-20 05:17:14,45.19,20.26,False
2026-05-20 06:02:14,61.18,27.65,False
2026-05-20 06:47:14,59.86,23.52,False
2026-05-20 07:32:14,33.08,30.51,False
2026-05-20 08:17:14,33.1,26.92,False
2026-05-20 09:02:14,36.62,31.67,False
2026-05-20 09:47:14,30.89,30.92,False
2026-05-20 10:32:14,27.42,30.72,False
2026-05-20 11:17:14,35.58,32.04,False
2026-05-20 12:02:14,35.67,31.29,False
2026-05-20 12:47:14,37.3,33.68,False
2026-05-20 13:32:14,37.89,26.08,False
2026-05-20 14:17:14,27.89,32.5,False
2026-05-20 15:02:14,33.36,32.02,False
2026-05-20 15:47:14,31.25,33.77,False
2026-05-20 16:32:14,29.88,26.14,False
2026-05-20 17:17:14,30.88,30.27,False
2026-05-20 18:02:14,39.56,33.31,False
2026-05-20 18:47:14,21.74,34.99,False
2026-05-20 19:32:14,13.97,36.96,False
2026-05-20 20:17:14,22.85,41.62,True
2026-05-20 21:02:14,17.96,36.2,False
2026-05-20 21:47:14,17.27,41.39,True
2026-05-20 22:32:14,15.24,35.73,False
2026-05-20 23:17:14,15.36,39.38,False
2026-05-21 00:02:14,19.67,41.66,True
2026-05-21 00:47:14,22.51,34.11,False
2026-05-21 01:32:14,21.35,38.87,False
2026-05-21 02:17:14,17.22,41.11,True
2026-05-21 03:02:14,18.71,37.62,False
2026-05-21 03:47:14,15.58,34.82,False
2026-05-21 04:32:14,22.96,39.9,False
2026-05-21 05:17:14,16.06,35.51,False
2026-05-21 06:02:14,69.76,27.95,False
2026-05-21 06:47:14,74.72,21.89,False
2026-05-21 07:32:14,55.58,20.8,False
2026-05-21 08:17:14,52.03,23.44,False
2026-05-21 09:02:14,64.87,27.09,False
2026-05-21 09:47:14,59.62,23.25,False
2026-05-21 10:32:14,64.31,20.17,False
2026-05-21 11:17:14,71.86,20.21,False
2026-05-21 12:02:14,49.48,23.47,False
2026-05-21 12:47:14,52.05,26.17,False
2026-05-21 13:32:14,52.73,27.54,False
2026-05-21 14:17:14,56.38,25.47,False
2026-05-21 15:02:14,53.48,22.53,False
2026-05-21 15:47:14,72.81,27.81,False
2026-05-21 16:32:14,70.96,23.89,False
2026-05-21 17:17:14,69.7,24.54,False
2026-05-21 18:02:14,55.66,26.72,False
2026-05-21 18:47:14,63.28,20.9,False
2026-05-21 19:32:14,54.54,20.28,False
2026-05-21 20:17:14,56.5,20.28,False
2026-05-21 21:02:14,39.9,29.14,False
2026-05-21 21:47:14,37.55,28.12,False
2026-05-21 22:32:14,36.25,32.19,False
2026-05-21 23:17:14,29.79,33.58,False
2026-05-22 00:02:14,35.39,27.32,False
2026-05-22 00:47:14,35.33,28.01,False
2026-05-22 01:32:14,32.91,30.0,False
2026-05-22 02:17:14,32.81,30.93,False
2026-05-22 03:02:14,29.78,30.8,False
2026-05-22 03:47:14,38.14,29.8,False
2026-05-22 04:32:14,39.8,32.47,False
2026-05-22 05:17:14,29.49,29.22,False
2026-05-22 06:02:14,32.27,28.28,False
2026-05-22 06:47:14,27.11,27.45,False
2026-05-22 07:32:14,34.47,31.95,False
2026-05-25 14:35:17,100.0,25.0,True
2026-05-25 14:35:28,100.0,25.0,True
2026-05-25 14:35:38,100.0,25.0,True
2026-05-25 14:35:49,100.0,25.0,True
2026-05-25 14:35:59,100.0,25.0,True
2026-05-25 14:36:10,100.0,25.0,True
2026-05-25 14:36:21,100.0,25.0,True
2026-05-25 14:36:31,100.0,25.0,True
2026-05-25 14:36:42,100.0,25.0,True
2026-05-25 14:36:52,100.0,25.0,True
2026-05-25 14:37:04,100.0,25.0,True
2026-05-25 14:37:16,100.0,25.0,True
2026-05-25 14:37:26,7.0,25.0,True
2026-05-25 14:37:42,100.0,25.0,True
2026-05-25 14:37:53,100.0,25.0,True
2026-05-25 14:38:04,100.0,25.0,True
2026-05-25 14:38:15,100.0,25.0,True
2026-05-25 14:38:25,100.0,25.0,True
2026-05-25 14:38:36,100.0,25.0,True
2026-05-25 14:38:47,100.0,25.0,True
2026-05-25 14:38:57,100.0,25.0,True
2026-05-25 14:39:08,100.0,25.0,True
2026-05-25 14:39:19,100.0,25.0,True
2026-05-25 14:39:31,100.0,25.0,True
2026-05-25 14:39:41,100.0,25.0,True
2026-05-25 14:39:53,100.0,25.0,True
2026-05-25 14:40:03,100.0,25.0,True
2026-05-25 14:40:14,100.0,25.0,True
2026-05-25 14:40:25,100.0,25.0,True
2026-05-25 14:40:35,100.0,25.0,True
2026-05-25 14:40:46,100.0,25.0,True
2026-05-25 14:40:57,100.0,25.0,True
2026-05-25 14:41:07,100.0,25.0,True
2026-05-25 14:41:18,100.0,25.0,True
2026-05-25 14:41:28,100.0,25.0,True
2026-05-25 14:41:39,100.0,25.0,True
2026-05-25 14:41:49,100.0,25.0,True
2026-05-25 14:42:00,100.0,25.0,True
2026-05-25 14:42:10,100.0,25.0,True
2026-05-25 14:42:21,100.0,25.0,True
2026-05-25 14:42:31,100.0,25.0,True
2026-05-25 14:42:42,100.0,25.0,True
2026-05-25 14:42:53,100.0,25.0,True
2026-05-25 14:43:04,100.0,25.0,True
2026-05-25 14:43:15,100.0,25.0,True
2026-05-25 14:43:25,100.0,25.0,True
2026-05-25 14:43:36,100.0,25.0,True
2026-05-25 14:43:46,100.0,25.0,True
2026-05-25 14:43:57,100.0,25.0,True
2026-05-25 14:44:10,100.0,25.0,True
2026-05-25 14:44:20,100.0,25.0,True
2026-05-25 14:44:34,100.0,25.0,True
2026-05-25 14:44:45,100.0,25.0,True
2026-05-25 14:44:57,100.0,25.0,True
2026-05-25 14:45:08,100.0,25.0,True
2026-05-25 14:45:19,100.0,25.0,True
2026-05-25 14:45:29,100.0,25.0,True
2026-05-25 14:45:43,100.0,25.0,True
2026-05-25 14:45:53,100.0,25.0,True
2026-05-25 14:46:04,100.0,25.0,True
2026-05-25 14:46:15,100.0,25.0,True
2026-05-25 14:46:26,100.0,25.0,True
2026-05-25 14:46:37,100.0,25.0,True
2026-05-25 14:46:49,100.0,25.0,True
2026-05-25 14:47:10,100.0,25.0,True
2026-05-25 14:47:15,100.0,25.0,True
2026-05-25 14:47:31,100.0,25.0,True
2026-05-25 14:47:50,100.0,25.0,True
2026-05-25 14:48:11,100.0,25.0,True
2026-05-25 14:48:24,100.0,25.0,True
2026-05-25 14:48:34,100.0,25.0,True
2026-05-25 14:48:45,100.0,25.0,True
2026-05-25 14:48:55,14.0,25.0,True
2026-05-25 14:49:09,100.0,25.0,True
2026-05-25 14:49:20,100.0,25.0,True
2026-05-25 14:49:30,100.0,25.0,True
2026-05-25 14:49:41,100.0,25.0,True
2026-05-25 14:49:51,100.0,25.0,True
2026-05-25 14:50:02,100.0,25.0,True
2026-05-25 14:50:12,100.0,25.0,True
2026-05-25 14:50:23,100.0,25.0,True
2026-05-25 14:50:34,100.0,25.0,True
2026-05-25 14:50:45,100.0,25.0,True
2026-05-25 14:50:56,100.0,25.0,True,False
2026-05-25 14:51:07,100.0,25.0,True,False
2026-05-25 14:51:18,100.0,25.0,True,False
2026-05-25 14:51:29,100.0,25.0,True,False
2026-05-25 14:51:39,100.0,25.0,True,False
2026-05-25 14:51:51,100.0,25.0,True,False
2026-05-25 14:52:01,100.0,25.0,True,False
2026-05-25 14:52:12,100.0,25.0,True,False
2026-05-25 14:52:23,100.0,25.0,True,False
2026-05-25 14:52:34,100.0,25.0,True,False
2026-05-25 14:52:45,100.0,25.0,True,False
2026-05-25 14:52:56,100.0,25.0,True,False
2026-05-25 14:57:18,100.0,25.0,True,False
2026-05-25 14:57:29,100.0,25.0,True,False
2026-05-25 14:57:41,100.0,25.0,True,False
2026-05-25 14:58:07,100.0,25.0,True,False
2026-05-25 14:58:20,100.0,25.0,True,False
2026-05-25 14:58:31,100.0,25.0,True,False
2026-05-25 14:58:42,100.0,25.0,True,False
2026-05-25 14:58:54,100.0,25.0,True,False
2026-05-25 14:59:06,100.0,25.0,True,False
2026-05-25 14:59:16,100.0,25.0,True,False
2026-05-25 14:59:27,100.0,25.0,True,False
2026-05-25 14:59:38,100.0,25.0,True,False
2026-05-25 14:59:51,100.0,25.0,True,False
2026-05-25 15:00:22,100.0,25.0,True,False
2026-05-25 15:00:22,100.0,25.0,True,False
2026-05-25 15:00:51,100.0,25.0,True,False
2026-05-25 15:01:02,100.0,25.0,True,False
2026-05-25 15:01:14,100.0,25.0,True,False
2026-05-25 15:01:32,100.0,25.0,True,False
2026-05-25 15:01:40,100.0,25.0,True,False
2026-05-25 15:01:54,100.0,25.0,True,False
2026-05-25 15:02:05,100.0,25.0,True,False
2026-05-25 15:02:16,100.0,25.0,True,False
2026-05-25 15:03:12,100.0,25.0,True,False
2026-05-25 15:03:23,100.0,25.0,True,False
2026-05-25 15:03:33,100.0,25.0,True,False
2026-05-25 15:03:44,100.0,25.0,True,False
2026-05-25 15:03:55,100.0,25.0,True,False
2026-05-25 15:04:05,100.0,25.0,True,False
2026-05-25 15:04:16,100.0,25.0,True,False
2026-05-25 15:04:27,100.0,25.0,True,False
2026-05-25 15:04:37,100.0,25.0,True,False
2026-05-25 15:04:49,100.0,25.0,True,False
2026-05-25 15:05:01,100.0,25.0,True,False
2026-05-25 15:05:12,100.0,25.0,True,False
2026-05-25 15:05:23,100.0,25.0,True,False
2026-05-25 15:13:31,100.0,25.0,False,False
2026-05-25 15:13:41,100.0,25.0,False,False
2026-05-25 15:13:52,100.0,25.0,False,False
2026-05-25 15:14:03,100.0,25.0,False,False
2026-05-25 15:14:14,100.0,25.0,False,False
2026-05-25 15:14:24,100.0,25.0,False,False
2026-05-25 15:14:34,100.0,25.0,False,False
2026-05-25 15:14:45,100.0,25.0,False,False
2026-05-25 15:14:55,100.0,25.0,False,False
2026-05-25 15:15:06,100.0,25.0,False,False
2026-05-25 15:15:16,100.0,25.0,False,False
2026-05-25 15:15:27,100.0,25.0,False,False
2026-05-25 15:15:37,100.0,25.0,False,False
2026-05-25 15:15:48,100.0,25.0,False,False
2026-05-25 15:15:59,100.0,25.0,False,False
2026-05-25 15:16:09,100.0,25.0,False,False
2026-05-25 15:16:20,100.0,25.0,False,False
2026-05-25 15:16:31,100.0,25.0,False,False
2026-05-25 15:16:41,100.0,25.0,False,False
2026-05-25 15:16:52,100.0,25.0,False,False
2026-05-25 15:17:02,100.0,25.0,False,False
2026-05-25 15:17:13,100.0,25.0,False,False
2026-05-25 15:17:24,100.0,25.0,False,False
2026-05-25 15:17:34,100.0,25.0,False,False
2026-05-25 15:17:45,100.0,25.0,False,False
2026-05-25 15:17:55,100.0,25.0,False,False
2026-05-25 15:18:06,100.0,25.0,False,False
2026-05-25 15:18:17,100.0,25.0,False,False
2026-05-25 15:18:27,100.0,25.0,False,False
2026-05-25 15:21:12,100.0,25.0,False,False
2026-05-25 15:21:22,100.0,25.0,False,False
2026-05-25 15:21:33,100.0,25.0,False,False
2026-05-25 15:21:43,100.0,25.0,False,False
2026-05-25 15:22:04,100.0,25.0,False,False
2026-05-25 15:22:15,91.0,25.0,False,False
2026-05-25 15:22:25,100.0,25.0,False,False
2026-05-25 15:22:36,100.0,25.0,False,False
2026-05-25 15:22:46,100.0,25.0,False,False
2026-05-25 15:22:57,100.0,25.0,False,False
2026-05-25 15:23:07,100.0,25.0,False,False
2026-05-25 15:23:18,100.0,25.0,False,False
2026-05-25 15:23:28,100.0,25.0,False,False
2026-05-25 15:23:39,100.0,25.0,False,False
2026-05-25 15:23:50,100.0,25.0,False,False
2026-05-25 15:24:00,100.0,25.0,False,False
2026-05-25 15:24:11,100.0,25.0,False,False
2026-05-25 15:24:22,100.0,25.0,False,False
2026-05-25 15:24:33,100.0,25.0,False,False
2026-05-25 15:24:44,100.0,25.0,False,False
2026-05-25 15:24:55,100.0,25.0,False,False
2026-05-25 15:25:09,100.0,25.0,False,False
2026-05-25 15:32:15,100.0,25.0,False,False
2026-05-25 15:32:26,100.0,25.0,False,False
2026-05-25 15:32:37,100.0,25.0,False,False
2026-05-25 15:32:47,100.0,25.0,False,False
2026-05-25 15:32:58,100.0,25.0,False,False
2026-05-25 15:36:21,100.0,25.0,False,False
2026-05-25 15:42:50,100.0,25.0,False,False
2026-05-25 15:43:01,100.0,25.0,False,False
2026-05-25 15:43:12,100.0,25.0,False,False
2026-05-25 15:43:23,84.0,25.0,False,False
2026-05-25 15:43:33,100.0,25.0,False,False
2026-05-25 15:43:44,70.0,25.0,False,False
2026-05-25 15:43:55,62.0,25.0,False,False
2026-05-25 15:44:05,93.0,25.0,False,False
2026-05-25 15:44:15,100.0,25.0,False,False
2026-05-25 15:44:26,97.0,25.0,False,False
2026-05-25 15:44:38,100.0,25.0,False,False
2026-05-25 15:45:50,100.0,25.0,False,False
2026-05-25 15:46:01,100.0,25.0,False,False
2026-05-25 16:16:49,0.0,25.0,False,False
2026-05-25 16:17:02,0.0,25.0,False,False
2026-05-25 16:17:16,0.0,25.0,False,False
2026-05-25 16:20:22,0.0,25.0,False,False
2026-05-25 16:20:35,0.0,25.0,False,False
2026-05-25 16:24:01,0.0,25.0,False,False
2026-05-25 16:24:12,0.0,25.0,False,False
2026-05-25 16:26:33,0.0,25.0,False,False
2026-05-25 16:26:43,0.0,25.0,False,False
2026-05-25 16:26:55,0.0,25.0,False,False
2026-05-25 16:27:05,0.0,25.0,False,False
2026-05-25 16:29:52,0.0,25.0,False,False
2026-05-25 16:30:02,0.0,25.0,False,False
2026-05-25 16:30:13,0.0,25.0,False,False
2026-05-25 16:30:23,0.0,25.0,False,False
2026-05-25 16:30:35,0.0,25.0,False,False
2026-05-25 16:30:45,0.0,25.0,False,False
2026-05-25 16:30:56,0.0,25.0,False,False
2026-05-25 16:31:09,0.0,25.0,False,False
2026-05-25 16:31:20,0.0,25.0,False,False
2026-05-25 16:31:31,0.0,25.0,False,False
2026-05-25 16:31:42,0.0,25.0,False,False
2026-05-25 16:31:53,0.0,25.0,False,False
2026-05-25 16:32:03,0.0,25.0,False,False
2026-05-25 16:32:14,0.0,25.0,False,False
2026-05-25 16:32:25,0.0,25.0,False,False
2026-05-25 16:32:37,0.0,25.0,False,False
2026-05-25 16:32:48,0.0,25.0,False,False
2026-05-25 16:32:59,0.0,25.0,False,False
2026-05-25 16:33:10,0.0,25.0,False,False
2026-05-25 16:33:21,0.0,25.0,False,False
2026-05-25 16:33:31,0.0,25.0,False,False
2026-05-25 16:33:42,0.0,25.0,False,False
2026-05-25 16:34:14,0.0,25.0,False,False
2026-05-25 16:34:25,0.0,25.0,False,False
2026-05-25 16:34:35,0.0,25.0,False,False
2026-05-25 16:34:46,0.0,25.0,False,False
2026-05-25 16:34:57,0.0,25.0,False,False
2026-05-25 16:35:07,0.0,25.0,False,False
2026-05-25 16:35:18,0.0,25.0,False,False
2026-05-25 16:35:29,0.0,25.0,False,False
2026-05-25 16:35:39,0.0,25.0,False,False
2026-05-25 16:35:50,0.0,25.0,False,False
2026-05-25 16:36:00,0.0,25.0,False,False
2026-05-25 16:36:11,0.0,25.0,False,False
2026-05-25 16:36:21,0.0,25.0,False,False
2026-05-25 16:36:32,0.0,25.0,False,False
2026-05-25 16:36:42,0.0,25.0,False,False
2026-05-25 16:36:53,0.0,25.0,False,False
2026-05-25 16:37:03,0.0,25.0,False,False
2026-05-25 16:37:14,0.0,25.0,False,False
2026-05-25 16:37:25,0.0,25.0,False,False
2026-05-25 16:37:36,0.0,25.0,False,False
2026-05-25 16:37:47,0.0,25.0,False,False
2026-05-25 16:37:57,0.0,25.0,False,False
2026-05-25 16:39:40,0.0,25.0,False,False
2026-05-25 16:39:51,0.0,25.0,False,False
2026-05-25 16:40:02,0.0,25.0,False,False
2026-05-25 16:40:13,0.0,25.0,False,False
2026-05-25 16:40:23,0.0,25.0,False,False
2026-05-25 16:40:34,0.0,25.0,False,False
2026-05-25 16:40:45,0.0,25.0,False,False
2026-05-25 16:41:00,0.0,25.0,False,False
2026-05-25 16:41:11,0.0,25.0,False,False
2026-05-25 16:41:24,0.0,25.0,False,False
2026-05-25 16:41:35,0.0,25.0,False,False
2026-05-25 16:41:46,0.0,25.0,False,False
2026-05-25 16:41:56,0.0,25.0,False,False
2026-05-25 16:42:07,0.0,25.0,False,False
2026-05-25 16:42:17,0.0,25.0,False,False
2026-05-25 16:42:28,0.0,25.0,False,False
2026-05-25 16:42:40,0.0,25.0,False,False
2026-05-25 16:42:50,0.0,25.0,False,False
2026-05-25 16:43:01,0.0,25.0,False,False
2026-05-25 16:43:12,0.0,25.0,False,False
2026-05-25 16:43:23,0.0,25.0,False,False
2026-05-25 16:43:33,0.0,25.0,False,False
2026-05-25 16:45:40,0.0,25.0,False,False
2026-05-25 16:45:54,0.0,25.0,False,False
2026-05-25 16:46:13,0.0,25.0,False,False
2026-05-25 16:46:23,0.0,25.0,False,False
2026-05-25 16:46:34,0.0,25.0,False,False
2026-05-25 16:46:45,0.0,25.0,False,False
2026-05-25 16:46:56,0.0,25.0,False,False
2026-05-25 16:47:06,0.0,25.0,False,False
2026-05-25 16:47:26,0.0,25.0,False,False
2026-05-25 16:47:36,0.0,25.0,False,False
2026-05-25 16:47:47,0.0,25.0,False,False
2026-05-25 16:47:57,0.0,25.0,False,False
2026-05-25 16:48:08,0.0,25.0,False,False
2026-05-25 16:48:18,0.0,25.0,False,False
2026-05-25 16:48:29,0.0,25.0,False,False
2026-05-25 16:48:40,0.0,25.0,False,False
2026-05-25 16:48:51,0.0,25.0,False,False
2026-05-25 16:49:02,0.0,25.0,False,False
2026-05-25 16:49:13,0.0,25.0,False,False
2026-05-25 16:49:24,0.0,25.0,False,False
2026-05-25 16:49:35,0.0,25.0,False,False
2026-05-25 16:49:46,0.0,25.0,False,False
2026-05-25 16:49:58,0.0,25.0,False,False
2026-05-25 16:50:11,0.0,25.0,False,False
2026-05-25 16:50:21,0.0,25.0,False,False
2026-05-25 16:50:32,0.0,25.0,False,False
2026-05-25 16:52:37,0.0,25.0,False,False
2026-05-25 16:52:49,0.0,25.0,False,False
2026-05-25 16:53:00,0.0,25.0,False,False
2026-05-25 16:53:11,0.0,25.0,False,False
2026-05-25 16:53:25,0.0,25.0,False,False
2026-05-25 16:53:35,0.0,25.0,False,False
2026-05-25 16:54:08,0.0,25.0,False,False
2026-05-25 16:54:19,0.0,25.0,False,False
2026-05-25 16:54:33,0.0,25.0,False,False
2026-05-25 16:54:48,0.0,25.0,False,False
2026-05-25 16:55:02,0.0,25.0,False,False
2026-05-25 16:55:26,0.0,25.0,False,False
2026-05-25 16:55:41,0.0,25.0,False,False
2026-05-25 16:55:53,0.0,25.0,False,False
2026-05-25 16:56:03,0.0,25.0,False,False
2026-05-25 16:56:14,0.0,25.0,False,False
2026-05-25 16:56:25,0.0,25.0,False,False
2026-05-25 16:56:35,0.0,25.0,False,False
2026-05-25 16:56:49,0.0,25.0,False,False
2026-05-25 16:57:03,0.0,25.0,False,False
2026-05-25 16:57:18,0.0,25.0,False,False
2026-05-25 16:57:31,0.0,25.0,False,False
2026-05-25 16:57:44,0.0,25.0,False,False
2026-05-25 16:57:56,0.0,25.0,False,False
2026-05-25 16:58:09,0.0,25.0,False,False
2026-05-25 16:58:22,0.0,25.0,False,False
2026-05-25 16:58:35,0.0,25.0,False,False
2026-05-25 16:58:48,0.0,25.0,False,False
2026-05-25 16:59:03,0.0,25.0,False,False
2026-05-25 16:59:16,0.0,25.0,False,False
2026-05-25 16:59:44,0.0,25.0,False,False
2026-05-25 16:59:57,0.0,25.0,False,False
2026-05-25 17:00:10,0.0,25.0,False,False
2026-05-25 17:00:26,0.0,25.0,False,False
2026-05-25 17:00:40,0.0,25.0,False,False
2026-05-25 17:00:53,0.0,25.0,False,False
2026-05-25 17:01:08,0.0,25.0,False,False
2026-05-25 17:01:21,0.0,25.0,False,False
2026-05-25 17:01:34,0.0,25.0,False,False
2026-05-25 17:01:47,0.0,25.0,False,False
2026-05-25 17:02:00,0.0,25.0,False,False
2026-05-25 17:02:13,0.0,25.0,False,False
2026-05-25 17:02:28,0.0,25.0,False,False
2026-05-25 17:02:40,0.0,25.0,False,False
2026-05-25 17:02:53,0.0,25.0,False,False
2026-05-25 17:10:41,0.0,25.0,False,False
2026-05-25 17:10:52,0.0,25.0,False,False
2026-05-25 17:11:06,0.0,25.0,False,False
2026-05-25 17:11:21,0.0,25.0,False,False
2026-05-25 17:11:34,0.0,25.0,False,False
2026-05-25 17:11:47,0.0,25.0,False,False
2026-05-25 17:12:01,0.0,25.0,False,False
2026-05-25 17:12:17,0.0,25.0,False,False
2026-05-25 17:12:30,0.0,25.0,False,False
2026-05-25 17:12:45,0.0,25.0,False,False
2026-05-25 17:12:58,0.0,25.0,False,False
2026-05-25 17:13:12,0.0,25.0,False,False
2026-05-25 17:13:26,0.0,25.0,False,False
2026-05-25 17:13:39,0.0,25.0,False,False
2026-05-25 17:13:52,0.0,25.0,False,False
2026-05-25 17:14:03,0.0,25.0,False,False
2026-05-25 17:14:15,0.0,25.0,False,False
2026-05-25 17:14:25,0.0,25.0,False,False
2026-05-25 17:14:38,0.0,25.0,False,False
2026-05-25 17:14:49,0.0,25.0,False,False
2026-05-25 17:15:00,0.0,25.0,False,False
2026-05-25 17:15:11,0.0,25.0,False,False
2026-05-25 17:15:21,0.0,25.0,False,False
2026-05-25 17:15:32,0.0,25.0,False,False
2026-05-25 17:15:45,0.0,25.0,False,False
2026-05-25 17:16:00,0.0,25.0,False,False
2026-05-25 17:16:13,0.0,25.0,False,False
2026-05-25 17:16:27,0.0,25.0,False,False
2026-05-25 17:16:42,0.0,25.0,False,False
2026-05-25 17:16:57,0.0,25.0,False,False
2026-05-25 17:17:10,0.0,25.0,False,False
2026-05-25 17:17:23,0.0,25.0,False,False
2026-05-25 17:17:37,0.0,25.0,False,False
2026-05-25 17:17:47,0.0,25.0,False,False
2026-05-25 17:18:00,0.0,25.0,False,False
2026-05-25 17:18:15,0.0,25.0,False,False
2026-05-25 17:18:34,0.0,25.0,False,False
2026-05-25 17:18:46,0.0,25.0,False,False
2026-05-25 17:19:00,0.0,25.0,False,False
2026-05-25 17:19:14,0.0,25.0,False,False
2026-05-25 17:19:28,0.0,25.0,False,False
2026-05-25 17:19:42,0.0,25.0,False,False
2026-05-25 17:19:57,0.0,25.0,False,False
2026-05-25 17:20:10,0.0,25.0,False,False
2026-05-25 17:20:20,0.0,25.0,False,False
2026-05-25 17:21:15,0.0,25.0,False,False
2026-05-25 17:21:41,0.0,25.0,False,False
2026-05-25 17:22:01,0.0,25.0,False,False
2026-05-25 17:22:14,0.0,25.0,False,False
2026-05-25 17:22:28,0.0,25.0,False,False
2026-05-25 17:22:43,0.0,25.0,False,False
2026-05-25 17:23:18,0.0,25.0,False,False
2026-05-25 17:23:31,0.0,25.0,False,False
2026-05-25 17:23:53,0.0,25.0,False,False
2026-05-25 17:24:06,0.0,25.0,False,False
2026-05-25 17:24:19,0.0,25.0,False,False
2026-05-25 17:24:32,0.0,25.0,False,False
2026-05-25 17:24:46,0.0,25.0,False,False
2026-05-25 17:25:03,0.0,25.0,False,False
2026-05-25 17:25:16,0.0,25.0,False,False
2026-05-25 17:25:29,0.0,25.0,False,False
2026-05-25 17:25:43,0.0,25.0,False,False
2026-05-25 17:26:32,0.0,25.0,False,False
2026-05-25 17:26:46,0.0,25.0,False,False
2026-05-25 17:27:03,0.0,25.0,False,False
2026-05-25 17:27:19,0.0,25.0,False,False
2026-05-25 17:27:33,0.0,25.0,False,False
2026-05-25 17:27:50,0.0,25.0,False,False
2026-05-25 17:28:02,0.0,25.0,False,False
2026-05-25 17:28:19,0.0,25.0,False,False
2026-05-25 17:28:35,0.0,25.0,False,False
2026-05-25 17:28:48,0.0,25.0,False,False
2026-05-25 17:29:04,0.0,25.0,False,False
2026-05-25 17:29:17,0.0,25.0,False,False
2026-05-25 17:29:30,0.0,25.0,False,False
2026-05-25 17:29:46,0.0,25.0,False,False
2026-05-25 17:30:06,0.0,25.0,False,False
2026-05-25 17:30:20,0.0,25.0,False,False
2026-05-25 17:30:35,0.0,25.0,False,False
2026-05-25 17:30:52,0.0,25.0,False,False
2026-05-25 17:31:05,0.0,25.0,False,False
2026-05-25 17:31:16,0.0,25.0,False,False
2026-05-25 17:31:37,0.0,25.0,False,False
2026-05-25 17:31:47,0.0,25.0,False,False
2026-05-25 17:32:01,0.0,25.0,False,False
2026-05-26 01:07:39,0.0,25.0,False,False
2026-05-26 01:07:53,0.0,25.0,False,False
2026-05-26 01:08:06,0.0,25.0,False,False
2026-05-26 01:08:36,0.0,25.0,False,False
2026-05-26 01:08:50,0.0,25.0,False,False
2026-05-26 01:09:04,0.0,25.0,False,False
2026-05-26 01:09:17,0.0,25.0,False,False
2026-05-26 01:09:30,0.0,25.0,False,False
2026-05-26 01:09:43,0.0,25.0,False,False
2026-05-26 01:09:57,0.0,25.0,False,False
2026-05-26 01:10:10,0.0,25.0,False,False
2026-05-26 01:10:25,0.0,25.0,False,False
2026-05-26 01:10:38,0.0,25.0,False,False
2026-05-26 01:10:52,0.0,25.0,False,False
2026-05-26 01:11:09,0.0,25.0,False,False
2026-05-26 01:11:21,0.0,25.0,False,False
2026-05-26 01:11:34,0.0,25.0,False,False
2026-05-26 01:11:47,0.0,25.0,False,False
2026-05-26 01:12:01,0.0,25.0,False,False
2026-05-26 01:12:17,0.0,25.0,False,False
2026-05-26 01:12:31,0.0,25.0,False,False
2026-05-26 01:12:45,0.0,25.0,False,False
2026-05-26 01:12:59,0.0,25.0,False,False
2026-05-26 01:13:12,0.0,25.0,False,False
2026-05-26 01:13:26,0.0,25.0,False,False
2026-05-26 01:13:43,0.0,25.0,False,False
2026-05-26 01:13:57,0.0,25.0,False,False
2026-05-26 01:14:13,0.0,25.0,False,False
2026-05-26 01:14:28,0.0,25.0,False,False
2026-05-26 01:14:44,0.0,25.0,False,False
2026-05-26 01:14:59,0.0,25.0,False,False
2026-05-26 01:15:14,0.0,25.0,False,False
2026-05-26 01:16:56,0.0,25.0,False,False
2026-05-26 01:17:11,0.0,25.0,False,False
2026-05-26 01:17:22,0.0,25.0,False,False
2026-05-26 01:17:35,0.0,25.0,False,False
2026-05-26 01:18:37,0.0,25.0,False,False
2026-05-26 01:18:47,0.0,25.0,False,False
2026-05-26 01:19:02,0.0,25.0,False,False
2026-05-26 01:19:43,0.0,25.0,False,False
2026-05-26 01:19:57,0.0,25.0,False,False
2026-05-26 01:20:10,0.0,25.0,False,False
2026-05-26 01:20:25,0.0,25.0,False,False
2026-05-26 01:20:38,0.0,25.0,False,False
2026-05-26 01:20:52,0.0,25.0,False,False
2026-05-26 01:21:08,0.0,25.0,False,False
2026-05-26 01:21:25,0.0,25.0,False,False
2026-05-26 01:21:38,0.0,25.0,False,False
2026-05-26 01:21:51,0.0,25.0,False,False
2026-05-26 01:22:06,0.0,25.0,False,False
2026-05-26 01:22:21,0.0,25.0,False,False
2026-05-26 01:22:38,0.0,25.0,False,False
2026-05-26 01:22:54,0.0,25.0,False,False
2026-05-26 01:23:08,0.0,25.0,False,False
2026-05-26 01:23:25,0.0,25.0,False,False
2026-05-26 01:23:38,0.0,25.0,False,False
2026-05-26 01:23:54,0.0,25.0,False,False
2026-05-26 01:24:07,0.0,25.0,False,False
2026-05-26 01:24:20,0.0,25.0,False,False
2026-05-26 01:24:36,0.0,25.0,False,False
2026-05-26 01:25:01,0.0,25.0,False,False
2026-05-26 01:25:05,0.0,25.0,False,False
2026-05-26 01:26:35,50.0,25.0,False,False
2026-05-26 01:26:57,50.0,25.0,False,False
2026-05-26 01:27:00,50.0,25.0,False,False
2026-05-26 01:27:00,52.0,25.0,False,True
2026-05-26 01:27:00,55.0,25.0,False,False
2026-05-26 01:27:00,55.0,25.0,False,False
2026-05-26 01:28:27,0.0,25.0,False,False
2026-05-26 01:28:41,0.0,25.0,False,False
2026-05-26 01:28:56,0.0,25.0,False,False
2026-05-26 01:29:09,0.0,25.0,False,False
2026-05-26 01:29:25,0.0,25.0,False,False
2026-05-26 01:29:41,0.0,25.0,False,False
2026-05-26 01:29:54,0.0,25.0,False,False
2026-05-26 01:30:08,0.0,25.0,False,False
2026-05-26 01:30:21,0.0,25.0,False,False
2026-05-26 01:30:36,0.0,25.0,False,False
2026-05-26 01:31:06,0.0,25.0,False,False
2026-05-26 01:31:22,0.0,25.0,False,False
2026-05-26 01:31:38,0.0,25.0,False,False
2026-05-26 01:31:51,0.0,25.0,False,False
2026-05-26 01:32:06,0.0,25.0,False,False
2026-05-26 01:32:20,0.0,25.0,False,False
2026-05-26 01:32:34,0.0,25.0,False,False
2026-05-26 01:32:49,0.0,25.0,False,False
2026-05-26 01:33:02,0.0,25.0,False,False
2026-05-26 01:33:15,0.0,25.0,False,False
2026-05-26 01:33:28,0.0,25.0,False,False
2026-05-26 01:33:42,0.0,25.0,False,False
2026-05-26 01:33:53,0.0,25.0,False,False
2026-05-28 06:50:17,100.0,25.0,False,False
2026-05-28 06:50:28,100.0,25.0,False,False
2026-05-28 06:50:39,100.0,25.0,False,False
2026-05-28 06:50:50,100.0,25.0,False,False
2026-05-28 07:01:45,0.0,25.0,False,False
2026-05-28 07:01:59,0.0,25.0,False,False
2026-05-28 07:02:09,0.0,25.0,False,True
2026-05-28 07:02:20,0.0,25.0,False,True
2026-05-28 07:02:31,0.0,25.0,False,True
2026-05-28 07:02:44,0.0,25.0,False,True
2026-05-28 07:02:55,0.0,25.0,False,True
2026-05-28 07:03:06,100.0,25.0,True,True
2026-05-28 07:12:49,100.0,25.0,False,False
2026-05-28 07:13:00,100.0,25.0,False,False
2026-05-28 07:13:11,100.0,25.0,False,False
2026-05-28 07:13:22,100.0,25.0,False,False
2026-05-28 07:13:33,100.0,25.0,False,False
2026-05-28 07:13:59,100.0,25.0,False,False
2026-05-28 07:14:11,100.0,25.0,False,False
2026-05-28 07:14:23,100.0,25.0,False,False
2026-05-28 07:14:34,0.0,25.0,False,False
2026-05-28 07:14:45,0.0,25.0,False,True
2026-05-28 07:14:55,0.0,25.0,False,True
2026-05-28 07:15:09,0.0,25.0,False,False
2026-05-28 07:15:23,0.0,25.0,False,False
2026-05-28 07:15:36,0.0,25.0,False,False
2026-05-28 07:15:47,0.0,25.0,False,True
2026-05-28 07:15:58,0.0,25.0,False,True
2026-05-28 07:16:09,0.0,25.0,False,True
2026-05-28 07:16:23,0.0,25.0,False,False
2026-05-28 07:16:36,0.0,25.0,False,False
2026-05-28 07:16:50,0.0,25.0,False,False
2026-05-28 07:17:04,0.0,25.0,False,False
2026-05-28 07:17:21,0.0,25.0,False,False
2026-05-28 07:17:36,0.0,25.0,False,False
2026-05-28 07:17:49,0.0,25.0,False,False
2026-05-28 07:18:02,0.0,25.0,False,False
2026-05-28 07:18:15,0.0,25.0,False,False
2026-05-28 07:18:28,0.0,25.0,False,False
2026-05-28 07:18:44,0.0,25.0,False,False
2026-05-28 07:18:58,0.0,25.0,False,False
2026-05-28 07:25:47,0.0,25.0,False,False
2026-05-28 07:26:04,0.0,25.0,False,False
2026-05-28 07:26:27,0.0,25.0,False,False
2026-05-28 07:26:41,0.0,25.0,False,False
2026-05-28 07:26:55,0.0,25.0,False,False
2026-05-28 07:27:11,0.0,25.0,False,False
2026-05-28 07:27:29,0.0,25.0,False,False
2026-05-28 07:28:07,0.0,25.0,False,False
2026-05-28 07:28:22,0.0,25.0,False,False
2026-05-28 07:28:35,0.0,25.0,False,False
2026-05-28 07:28:48,0.0,25.0,False,False
2026-05-28 07:29:03,0.0,25.0,False,False
2026-05-28 07:29:16,0.0,25.0,False,False
2026-05-28 07:29:30,0.0,25.0,False,False
2026-05-28 07:29:42,0.0,25.0,False,False
2026-05-28 07:29:55,0.0,25.0,False,False
2026-05-28 07:30:09,0.0,25.0,False,False
2026-05-28 07:30:26,0.0,25.0,False,False
2026-05-28 07:30:43,0.0,25.0,False,False
2026-05-28 07:30:57,0.0,25.0,False,False
2026-05-28 07:31:10,28.0,25.0,False,False
2026-05-28 07:31:25,25.0,25.0,False,False
2026-05-28 07:31:39,22.0,25.0,False,False
2026-05-28 07:31:52,22.0,25.0,False,False
2026-05-28 07:32:06,24.0,25.0,False,False
2026-05-28 07:32:19,24.0,25.0,False,False
2026-05-28 07:32:33,23.0,25.0,False,False
2026-05-28 07:32:53,23.0,25.0,False,False
2026-05-28 07:33:08,30.0,25.0,False,False
2026-05-28 07:33:24,24.0,25.0,False,False
2026-05-28 07:33:38,17.0,25.0,False,False
2026-05-28 07:33:50,25.0,25.0,False,True
2026-05-28 07:34:02,23.0,25.0,False,False
2026-05-28 07:34:21,20.0,25.0,False,False
2026-05-28 07:34:34,20.0,25.0,False,False
2026-05-28 07:34:48,20.0,25.0,False,False
2026-05-28 07:35:04,22.0,25.0,False,False
2026-05-28 07:35:17,22.0,25.0,False,False
2026-05-28 07:35:30,20.0,25.0,False,False
2026-05-28 07:35:43,18.0,25.0,False,False
2026-05-28 07:35:54,23.0,25.0,False,True
2026-05-28 07:36:07,15.0,25.0,False,False
2026-05-28 07:36:18,13.0,25.0,False,True
2026-05-28 07:36:29,13.0,25.0,False,True
2026-05-28 07:36:40,11.0,25.0,False,True
2026-05-28 07:36:51,46.0,25.0,False,False
2026-05-28 07:37:02,94.0,25.0,False,False
2026-05-28 07:37:13,100.0,25.0,False,False
2026-05-28 07:37:24,100.0,25.0,False,False
2026-05-28 07:37:34,100.0,25.0,False,False
2026-05-28 07:37:45,1.0,25.0,False,False
2026-05-28 07:37:56,10.0,25.0,False,True
2026-05-28 07:38:08,81.0,25.0,False,False
2026-05-28 07:38:19,0.0,25.0,False,False
2026-05-28 07:38:30,100.0,25.0,False,False
2026-05-28 07:38:41,34.0,25.0,False,False
2026-05-28 07:39:16,20.0,25.0,False,False
2026-05-28 07:39:29,100.0,25.0,False,False
2026-05-28 07:39:44,0.0,25.0,False,False
2026-05-28 07:39:55,0.0,25.0,False,True
2026-05-28 07:40:05,0.0,25.0,False,True
2026-05-28 07:40:19,0.0,25.0,False,True
2026-05-28 07:40:30,0.0,25.0,False,True
2026-05-28 07:40:41,0.0,25.0,False,True
2026-05-28 07:40:52,0.0,25.0,False,True
2026-05-28 07:41:02,100.0,25.0,False,False
2026-05-28 07:41:13,100.0,25.0,False,False
2026-05-28 07:41:23,100.0,25.0,False,False
2026-05-28 07:41:50,99.0,25.0,False,False
2026-05-28 07:42:00,100.0,25.0,False,False
2026-05-28 07:42:11,99.0,25.0,False,False
2026-05-28 07:42:22,96.0,25.0,False,False
2026-05-28 07:42:35,93.0,25.0,False,False
2026-05-28 07:45:20,100.0,25.0,False,False
2026-05-28 07:45:31,87.0,25.0,False,False
2026-05-28 07:45:42,87.0,25.0,False,False
2026-05-28 07:45:53,87.0,25.0,False,False
2026-05-28 07:46:09,86.0,25.0,False,False
2026-05-28 07:46:21,87.0,25.0,False,False
2026-05-28 07:46:31,85.0,25.0,False,False
2026-05-28 07:46:45,86.0,25.0,False,False
2026-05-28 07:46:55,85.0,25.0,False,False
2026-05-28 07:47:06,89.0,25.0,False,False
2026-05-28 07:47:20,88.0,25.0,False,False
2026-05-28 07:47:30,88.0,25.0,False,False
2026-05-28 07:47:41,89.0,25.0,False,False
2026-05-28 07:47:52,90.0,25.0,False,False
2026-05-28 07:48:02,88.0,25.0,False,False
2026-05-28 07:48:13,89.0,25.0,False,False
2026-05-28 07:48:23,88.0,25.0,False,False
2026-05-28 07:48:34,88.0,25.0,False,False
2026-05-28 07:48:45,88.0,25.0,False,False
2026-05-28 07:48:56,88.0,25.0,False,False
2026-05-28 07:49:06,88.0,25.0,False,False
2026-05-28 07:49:17,87.0,25.0,False,False
2026-05-28 07:49:28,91.0,25.0,False,False
2026-05-28 07:49:55,87.0,25.0,False,False
2026-05-28 07:50:05,88.0,25.0,False,False
2026-05-28 07:50:19,87.0,25.0,False,False
2026-05-28 07:50:30,91.0,25.0,False,False
2026-05-28 07:50:41,86.0,25.0,False,False
2026-05-28 07:50:52,85.0,25.0,False,False
2026-05-28 07:51:06,84.0,25.0,False,False
2026-05-28 07:51:16,87.0,25.0,False,False
2026-05-28 07:51:27,88.0,25.0,False,False
2026-05-28 07:51:38,89.0,25.0,False,False
2026-05-28 07:51:48,87.0,25.0,False,False
2026-05-28 07:52:02,90.0,25.0,False,False
2026-05-28 07:52:13,87.0,25.0,False,False
2026-05-28 07:55:26,80.0,25.0,False,False
2026-05-28 07:55:37,77.0,25.0,False,False
2026-05-28 07:55:48,79.0,25.0,False,False
2026-05-28 07:56:02,79.0,25.0,False,False
2026-05-28 07:56:13,81.0,25.0,False,False
2026-05-28 07:56:24,78.0,25.0,False,False
2026-05-28 07:56:36,78.0,25.0,False,False
2026-05-28 07:56:49,78.0,25.0,False,False
2026-05-28 07:57:01,79.0,25.0,False,False
2026-05-28 07:57:12,80.0,25.0,False,False
2026-05-28 07:57:23,83.0,25.0,False,False
2026-05-28 07:57:34,83.0,25.0,False,False
2026-05-28 07:57:45,80.0,25.0,False,False
2026-05-28 07:57:56,80.0,25.0,False,False
2026-05-28 07:58:07,82.0,25.0,False,False
2026-05-28 07:58:21,83.0,25.0,False,False
2026-05-28 07:58:32,82.0,25.0,False,False
2026-05-28 07:58:45,83.0,25.0,False,False
2026-05-28 07:58:59,83.0,25.0,False,False
2026-05-28 07:59:10,83.0,25.0,False,False
2026-05-28 07:59:21,84.0,25.0,False,False
2026-05-28 07:59:32,86.0,25.0,False,False
2026-05-28 07:59:43,82.0,25.0,False,False
2026-05-28 07:59:53,82.0,25.0,False,False
2026-05-28 08:00:04,84.0,25.0,False,False
2026-05-28 08:00:15,85.0,25.0,False,False
2026-05-28 08:00:42,82.0,25.0,False,False
2026-05-28 08:00:56,86.0,25.0,False,False
2026-05-28 08:01:07,84.0,25.0,False,False
2026-05-28 08:01:18,84.0,25.0,False,False
2026-05-28 08:01:30,88.0,25.0,False,False
2026-05-28 08:01:42,85.0,25.0,False,False
2026-05-28 08:02:00,86.0,25.0,False,False
2026-05-28 08:02:11,86.0,25.0,False,False
2026-05-28 08:02:22,0.0,25.0,False,False
2026-05-28 08:02:33,0.0,25.0,False,True
2026-05-28 08:02:44,0.0,25.0,False,True
2026-05-28 08:02:57,0.0,25.0,False,True
2026-05-28 08:03:08,100.0,25.0,False,False
2026-05-28 08:03:22,100.0,25.0,False,False
2026-05-28 08:03:36,100.0,25.0,False,False
2026-05-28 08:03:47,98.0,25.0,False,False
2026-05-28 08:04:13,91.0,25.0,False,False
2026-05-28 08:04:23,93.0,25.0,False,False
2026-05-28 08:04:34,90.0,25.0,False,False
2026-05-28 08:04:45,91.0,25.0,False,False
2026-05-28 08:04:58,89.0,25.0,False,False
2026-05-28 08:05:12,88.0,25.0,False,False
2026-05-28 08:05:23,87.0,25.0,False,False
2026-05-28 08:05:36,88.0,25.0,False,False
2026-05-28 08:05:49,88.0,25.0,False,False
2026-05-28 08:06:01,89.0,25.0,False,False
2026-05-28 08:06:12,89.0,25.0,False,False
2026-05-28 08:06:22,87.0,25.0,False,False
2026-05-28 08:06:33,87.0,25.0,False,False
2026-05-28 08:06:47,87.0,25.0,False,False
2026-05-28 08:06:58,87.0,25.0,False,False
2026-05-28 08:07:09,85.0,25.0,False,False
2026-05-28 08:07:20,86.0,25.0,False,False
2026-05-28 08:07:33,87.0,25.0,False,False
2026-05-28 08:07:47,84.0,25.0,False,False
2026-05-28 08:08:02,86.0,25.0,False,False
2026-05-28 08:08:12,88.0,25.0,False,False
2026-05-28 08:08:23,86.0,25.0,False,False
2026-05-28 08:08:34,87.0,25.0,False,False
2026-05-28 08:08:45,87.0,25.0,False,False
2026-05-28 08:08:56,86.0,25.0,False,False
2026-05-28 08:09:07,86.0,25.0,False,False
2026-05-28 08:09:19,86.0,25.0,False,False
2026-05-28 08:09:34,86.0,25.0,False,False
2026-05-28 08:09:45,85.0,25.0,False,False
2026-05-28 08:09:55,86.0,25.0,True,False
2026-05-28 08:10:06,87.0,25.0,False,False
2026-05-28 08:10:17,88.0,25.0,False,False
2026-05-28 08:10:31,88.0,25.0,False,False
2026-05-28 08:10:46,87.0,25.0,False,False
2026-05-28 08:12:15,87.0,25.0,False,False
2026-05-28 08:12:26,85.0,25.0,False,False
2026-05-28 08:12:37,90.0,25.0,False,False
2026-05-28 08:12:48,87.0,25.0,False,False
2026-05-28 08:12:59,88.0,25.0,False,False
2026-05-28 08:13:09,89.0,25.0,False,False
2026-05-28 08:13:20,88.0,25.0,False,False
2026-05-28 08:13:31,0.0,25.0,False,False
2026-05-28 08:13:45,79.0,25.0,False,False
2026-05-28 08:13:55,72.0,25.0,False,False
2026-05-28 08:14:06,68.0,25.0,False,False
2026-05-28 08:14:17,68.0,25.0,False,False
2026-05-28 08:14:29,71.0,25.0,False,False
2026-05-28 08:14:40,67.0,25.0,False,False
2026-05-28 08:14:51,69.0,25.0,False,False
2026-05-28 08:15:02,66.0,25.0,False,False
2026-05-28 08:15:13,69.0,25.0,False,False
2026-05-28 08:15:24,68.0,25.0,False,False
2026-05-28 08:15:34,70.0,25.0,False,False
2026-05-28 08:15:45,92.0,25.0,False,False
2026-05-28 08:15:56,100.0,25.0,False,False
2026-05-28 08:16:07,100.0,25.0,False,False
2026-05-28 08:16:17,100.0,25.0,False,False
2026-05-28 08:16:28,98.0,25.0,False,False
2026-05-28 08:16:39,88.0,25.0,False,False
2026-05-28 08:16:56,85.0,25.0,False,False
2026-05-28 08:17:07,85.0,25.0,False,False
2026-05-28 08:17:17,83.0,25.0,False,False
2026-05-28 08:17:28,85.0,25.0,True,False
2026-05-28 08:17:39,85.0,25.0,False,False
2026-05-28 08:17:50,84.0,25.0,False,False
2026-05-28 08:18:00,85.0,25.0,False,False
2026-05-28 08:18:11,84.0,25.0,False,False
2026-05-28 08:18:22,83.0,25.0,False,False
2026-05-28 08:18:36,83.0,25.0,False,False
2026-05-28 08:18:47,85.0,25.0,False,False
2026-05-28 08:18:58,84.0,25.0,False,False
2026-05-28 08:19:09,84.0,25.0,False,False
2026-05-28 08:19:20,86.0,25.0,True,False
2026-05-28 08:19:31,85.0,25.0,False,False
2026-05-28 08:19:41,83.0,25.0,True,False
2026-05-28 08:20:00,84.0,25.0,False,False
2026-05-28 08:20:11,84.0,25.0,False,False
2026-05-28 08:20:22,86.0,25.0,False,False
2026-05-28 08:20:35,83.0,25.0,False,False
2026-05-28 08:20:46,82.0,25.0,False,False
2026-05-28 08:21:00,80.0,25.0,True,False
2026-05-28 08:21:11,84.0,25.0,False,False
2026-05-28 08:21:22,83.0,25.0,False,False
2026-05-28 08:21:33,85.0,25.0,False,False
2026-05-28 08:21:44,83.0,25.0,False,False
2026-05-28 08:21:54,83.0,25.0,False,False
2026-05-28 08:22:08,84.0,25.0,False,False
2026-05-28 08:22:19,86.0,25.0,False,False
2026-05-28 08:22:30,84.0,25.0,False,False
2026-05-28 08:22:40,83.0,25.0,True,False
2026-05-28 08:22:51,85.0,25.0,False,False
2026-05-28 08:23:02,85.0,25.0,False,False
2026-05-28 08:23:13,84.0,25.0,False,False
2026-05-28 08:23:27,83.0,25.0,True,False
2026-05-28 08:23:38,84.0,25.0,False,False
2026-05-28 08:23:49,83.0,25.0,False,False
2026-05-28 08:24:00,85.0,25.0,False,False
2026-05-28 08:24:10,84.0,25.0,False,False
2026-05-28 08:24:21,83.0,25.0,False,False
2026-05-28 08:24:37,85.0,25.0,False,False
2026-05-28 08:24:49,83.0,25.0,False,False
2026-05-28 08:24:59,83.0,25.0,False,False
2026-05-28 08:25:10,85.0,25.0,False,False
2026-05-28 08:25:21,86.0,25.0,False,False
2026-05-28 08:25:32,85.0,25.0,False,False
2026-05-28 08:25:43,83.0,25.0,False,False
2026-05-28 08:25:54,84.0,25.0,False,False
2026-05-28 08:26:05,84.0,25.0,False,False
2026-05-28 08:26:16,88.0,25.0,False,False
2026-05-28 08:26:27,86.0,25.0,False,False
2026-05-28 08:26:38,84.0,25.0,False,False
2026-05-28 08:26:52,85.0,25.0,False,False
2026-05-28 08:27:03,83.0,25.0,False,False
2026-05-28 08:27:13,85.0,25.0,False,False
2026-05-28 08:27:27,84.0,25.0,False,False
2026-05-28 08:27:39,85.0,25.0,False,False
2026-05-28 08:27:53,84.0,25.0,False,False
2026-05-28 08:28:03,85.0,25.0,False,False
2026-05-28 08:28:14,86.0,25.0,False,False
2026-05-28 08:28:24,85.0,25.0,False,False
2026-05-28 08:28:35,83.0,25.0,False,False
2026-05-28 08:28:46,85.0,25.0,False,False
2026-05-28 08:28:56,82.0,25.0,False,False
2026-05-28 08:29:07,84.0,25.0,False,False
2026-05-28 08:29:17,85.0,25.0,True,False
2026-05-28 08:29:28,83.0,25.0,False,False
2026-05-28 08:29:38,84.0,25.0,False,False
2026-05-28 08:29:49,86.0,25.0,False,False
2026-05-28 08:30:02,83.0,25.0,False,False
2026-05-28 08:33:50,83.0,25.0,False,False
2026-05-28 08:34:01,83.0,25.0,False,False
2026-05-28 08:34:11,83.0,25.0,False,False
2026-05-28 08:34:25,84.0,25.0,False,False
2026-05-28 08:34:36,84.0,25.0,False,False
2026-05-28 08:34:46,83.0,25.0,False,False
2026-05-28 08:34:57,84.0,25.0,False,False
2026-05-28 08:35:08,84.0,25.0,False,False
2026-05-28 08:35:19,84.0,25.0,False,False
2026-05-28 08:35:29,83.0,25.0,False,False
2026-05-28 08:35:40,82.0,25.0,False,False
2026-05-28 08:35:50,0.0,25.0,False,False
2026-05-28 08:36:01,0.0,25.0,False,True
2026-05-28 08:36:12,0.0,25.0,False,True
2026-05-28 08:36:22,0.0,25.0,False,True
2026-05-28 08:36:33,0.0,25.0,True,True
2026-05-28 08:36:43,0.0,25.0,True,True
2026-05-28 08:36:54,100.0,25.0,True,False
2026-05-28 08:37:04,95.0,25.0,True,False
2026-05-28 08:37:15,81.0,25.0,True,False
2026-05-28 08:37:25,80.0,25.0,True,False
2026-05-28 08:37:36,79.0,25.0,True,False
2026-05-28 08:37:47,78.0,25.0,False,False
2026-05-28 08:38:00,78.0,25.0,False,False
2026-05-28 08:38:16,94.0,25.0,False,False
2026-05-28 08:38:27,88.0,25.0,False,False
2026-05-28 08:38:37,88.0,25.0,False,False
2026-05-28 08:38:48,85.0,25.0,False,False
2026-05-28 08:38:58,84.0,25.0,False,False
2026-05-28 08:39:09,83.0,25.0,False,False
2026-05-28 08:39:20,83.0,25.0,False,False
2026-05-28 08:39:30,83.0,25.0,False,False
2026-05-28 08:39:44,0.0,25.0,False,False
2026-05-28 08:39:54,0.0,25.0,False,True
2026-05-28 08:40:05,100.0,25.0,False,False
2026-05-28 08:40:16,100.0,25.0,False,False
2026-05-28 08:40:26,95.0,25.0,False,False
2026-05-28 08:40:37,0.0,25.0,False,False
2026-05-28 08:40:47,100.0,25.0,False,False
2026-05-28 08:40:58,100.0,25.0,False,False
2026-05-28 08:41:09,92.0,25.0,False,False
2026-05-28 08:41:19,91.0,25.0,False,False
2026-05-28 08:41:30,88.0,25.0,False,False
2026-05-28 08:41:41,0.0,25.0,False,False
2026-05-28 08:41:51,100.0,25.0,False,False
2026-05-28 08:42:02,100.0,25.0,False,False
2026-05-28 08:42:13,82.0,25.0,False,False
2026-05-28 08:42:23,81.0,25.0,False,False
2026-05-28 08:42:35,82.0,25.0,False,False
2026-05-28 08:42:56,83.0,25.0,False,False
2026-05-28 08:43:07,83.0,25.0,False,False
2026-05-28 08:43:18,83.0,25.0,False,False
2026-05-28 08:43:28,82.0,25.0,False,False
2026-05-28 08:43:39,81.0,25.0,False,False
2026-05-28 08:43:50,83.0,25.0,False,False
2026-05-28 08:44:01,82.0,25.0,False,False
2026-05-28 08:44:12,83.0,25.0,False,False
2026-05-28 08:44:26,82.0,25.0,False,False
2026-05-28 08:44:40,84.0,25.0,False,False
2026-05-28 08:44:54,84.0,25.0,False,False
2026-05-28 08:45:06,83.0,25.0,False,False
2026-05-28 08:45:17,84.0,25.0,False,False
2026-05-28 08:45:28,83.0,25.0,False,False
2026-05-28 08:45:38,84.0,25.0,False,False
2026-05-28 08:45:49,83.0,25.0,False,False
2026-05-28 08:46:00,83.0,25.0,False,False
2026-05-28 08:46:10,82.0,25.0,False,False
2026-05-28 08:46:21,83.0,25.0,False,False
2026-05-28 08:46:32,84.0,25.0,False,False
2026-05-28 08:46:43,83.0,25.0,False,False
2026-05-28 08:46:53,83.0,25.0,False,False
2026-05-28 08:47:04,81.0,25.0,False,False
2026-05-28 08:48:28,81.0,25.0,False,False
2026-05-28 08:48:39,82.0,25.0,False,False
2026-05-28 08:48:50,82.0,25.0,False,False
2026-05-28 08:49:00,100.0,25.0,False,False
2026-05-28 08:49:11,100.0,25.0,False,False
2026-05-28 08:49:22,100.0,25.0,False,False
2026-05-28 08:49:33,99.0,25.0,False,False
2026-05-28 08:49:46,94.0,25.0,False,False
2026-05-28 08:49:57,92.0,25.0,False,False
2026-05-28 08:50:07,93.0,25.0,False,False
2026-05-28 08:50:18,94.0,25.0,False,False
2026-05-28 08:50:29,90.0,25.0,False,False
2026-05-28 08:50:40,90.0,25.0,False,False
2026-05-28 08:50:51,90.0,25.0,False,False
2026-05-28 08:51:01,89.0,25.0,False,False
2026-05-28 08:51:12,90.0,25.0,False,False
2026-05-28 08:51:23,89.0,25.0,True,False
2026-05-28 08:51:33,90.0,25.0,False,False
2026-05-28 08:51:44,89.0,25.0,False,False
2026-05-28 08:51:55,89.0,25.0,False,False
2026-05-28 08:52:09,89.0,25.0,False,False
2026-05-28 08:52:38,87.0,25.0,False,False
2026-05-28 08:52:49,88.0,25.0,False,False
2026-05-29 01:25:07,100.0,25.0,False,False
2026-05-29 01:25:18,100.0,25.0,False,False
2026-05-29 01:25:29,100.0,25.0,False,False
2026-05-29 01:25:40,100.0,25.0,False,False
2026-05-29 01:25:50,100.0,25.0,False,False
2026-05-29 01:26:00,100.0,25.0,False,False
2026-05-29 01:26:11,100.0,25.0,False,False
2026-05-29 01:26:22,100.0,25.0,False,False
2026-05-29 01:26:33,100.0,25.0,False,False
2026-05-29 01:26:44,100.0,25.0,False,False
2026-05-29 01:26:55,100.0,25.0,False,False
2026-05-29 01:27:05,100.0,25.0,False,False
2026-05-29 01:27:16,100.0,25.0,False,False
2026-05-29 01:27:27,100.0,25.0,False,False
2026-05-29 01:27:37,100.0,25.0,False,False
2026-05-29 01:27:47,100.0,25.0,False,False
2026-05-29 01:27:58,100.0,25.0,False,False
2026-05-29 01:28:09,100.0,25.0,False,False
2026-05-29 01:28:20,100.0,25.0,False,False
2026-05-29 01:28:30,100.0,25.0,False,False
2026-05-29 01:28:41,100.0,25.0,False,False
2026-05-29 01:28:52,100.0,25.0,False,False
2026-05-29 01:29:02,100.0,25.0,False,False
2026-05-29 01:29:13,100.0,25.0,False,False
2026-05-29 01:29:23,100.0,25.0,False,False
2026-05-29 01:29:34,100.0,25.0,False,False
2026-05-29 01:29:45,100.0,25.0,False,False
2026-05-29 01:29:57,100.0,25.0,False,False
2026-05-29 01:30:08,100.0,25.0,False,False
2026-05-29 01:30:19,100.0,25.0,False,False
2026-05-29 01:30:29,100.0,25.0,False,False
2026-05-29 01:30:40,100.0,25.0,False,False
2026-05-29 01:30:50,100.0,25.0,False,False
2026-05-29 01:31:01,100.0,25.0,False,False
2026-05-29 01:31:13,100.0,25.0,False,False
2026-05-29 01:31:23,100.0,25.0,False,False
2026-05-29 01:31:34,100.0,25.0,False,False
2026-05-29 01:31:45,100.0,25.0,False,False
2026-05-29 01:31:55,100.0,25.0,False,False
2026-05-29 01:32:06,100.0,25.0,False,False
2026-05-29 01:32:23,100.0,25.0,False,False
2026-05-29 01:32:34,100.0,25.0,False,False
2026-05-29 01:32:44,100.0,25.0,False,False
2026-05-29 01:32:56,100.0,25.0,False,False
2026-05-29 01:33:06,100.0,25.0,False,False
2026-05-29 01:33:17,100.0,25.0,False,False
2026-05-29 01:33:28,100.0,25.0,False,False
2026-05-29 01:33:38,100.0,25.0,False,False
2026-05-29 01:33:49,100.0,25.0,False,False
2026-05-29 01:34:00,100.0,25.0,False,False
2026-05-29 01:34:10,100.0,25.0,False,False
2026-05-29 01:34:21,100.0,25.0,False,False
2026-05-29 01:34:32,100.0,25.0,False,False
2026-05-29 01:34:43,100.0,25.0,False,False
2026-05-29 01:34:54,100.0,25.0,False,False
2026-05-29 09:28:12,83.0,25.0,False,False
2026-05-29 09:28:23,100.0,25.0,False,False
2026-05-29 09:31:08,0.0,25.0,True,False
2026-05-29 09:31:19,0.0,25.0,True,True
2026-05-29 09:31:29,0.0,25.0,True,True
2026-05-29 09:31:40,0.0,25.0,True,True
2026-05-29 09:31:50,0.0,25.0,True,True
2026-05-29 09:32:01,0.0,25.0,True,True
2026-05-29 09:32:20,0.0,25.0,True,False
2026-05-29 09:32:31,0.0,25.0,True,True
2026-05-29 09:32:41,0.0,25.0,True,True
2026-05-29 09:32:52,0.0,25.0,True,True
2026-05-29 09:33:02,0.0,25.0,True,True
2026-05-29 09:33:13,0.0,25.0,True,True
2026-05-29 09:33:24,0.0,25.0,True,True
2026-05-29 09:33:34,0.0,25.0,True,True
2026-05-29 09:33:45,0.0,25.0,True,True
2026-05-29 09:33:55,0.0,25.0,True,True
2026-05-29 09:34:06,0.0,25.0,True,True
2026-05-29 09:34:16,0.0,25.0,True,True
2026-05-29 09:34:27,0.0,25.0,True,True
2026-05-29 09:34:38,0.0,25.0,True,True
2026-05-29 09:34:48,0.0,25.0,True,True
2026-05-29 09:34:59,0.0,25.0,True,True
2026-05-29 09:35:09,0.0,25.0,True,True
2026-05-29 09:39:05,0.0,25.0,True,False
2026-05-29 09:39:16,0.0,25.0,True,True
2026-05-29 09:39:26,0.0,25.0,True,True
2026-05-29 09:39:37,0.0,25.0,True,True
2026-05-29 09:39:47,0.0,25.0,True,True
2026-05-29 09:39:58,0.0,25.0,True,True
2026-05-29 09:40:09,0.0,25.0,True,True
2026-05-29 09:40:19,0.0,25.0,True,True
2026-05-29 09:40:30,0.0,25.0,True,True
2026-05-29 09:40:41,0.0,25.0,True,True
2026-05-29 09:40:52,0.0,25.0,True,True
2026-05-29 09:41:02,0.0,25.0,True,True
2026-05-29 09:41:13,0.0,25.0,True,True
2026-05-29 09:41:24,0.0,25.0,True,True
2026-05-29 09:41:34,0.0,25.0,True,True
2026-05-29 09:41:45,0.0,25.0,True,True
2026-05-29 09:41:56,0.0,25.0,True,True
2026-05-29 09:42:06,0.0,25.0,True,True
2026-05-29 09:42:18,0.0,25.0,True,True
2026-05-29 09:42:28,0.0,25.0,True,True
2026-05-29 09:42:39,0.0,25.0,True,True
2026-05-29 09:42:50,0.0,25.0,True,True
2026-05-29 09:43:00,0.0,25.0,True,True
2026-05-29 09:43:11,0.0,25.0,True,True
2026-05-29 09:43:22,0.0,25.0,True,True
2026-05-29 09:43:33,0.0,25.0,True,True
2026-05-29 09:43:45,0.0,25.0,True,True
2026-05-29 09:43:56,0.0,25.0,True,True
2026-05-29 09:44:07,0.0,25.0,True,True
2026-05-29 20:39:40,35.0,26.1,False,False
2026-05-29 20:44:16,35.0,25.1,False,False
